id,date,startEpoch,title,startTime,endTime,timeZone,durationSec,distanceM,distanceKm,avgSpeedKmh,maxSpeedKmh,avgCadence,maxCadence,avgRiderPowerW,maxRiderPowerW,avgHeartRate,maxHeartRate,elevationGainM,elevationLossM,caloriesBurnt,riderEnergySharePct,co2EmissionsGrams,co2CarEquivalentGrams,co2SavedGrams,absInterventions,normalBrakeEvents,startOdometerM,bikeId,assist_OFF_m,assist_AUTO_m,assist_TOUR+_m,assist_ECO_m,assist_TURBO_m
df20f780-15bc-11f0-be0f-000463adda64,2025-04-10,1744257600,Bike ride,2025-04-10T14:00:00+10:00,2025-04-10T17:00:36+10:00,Australia/Melbourne,2602,15621,15.62,21.62,48.73,73.0,111.0,104.0,382.0,,,0,0,245.0,55,46.863,2593.086,2546.2,,,269,f7194544-9d5d-4232-b67b-5cc9cde613b2,0,14852,0,2,767
b3f8d100-15d9-11f0-be0f-000463adda64,2025-04-10,1744268562,Bike ride,2025-04-10T17:02:42+10:00,2025-04-10T17:38:09+10:00,Australia/Melbourne,2083,11425,11.43,19.75,39.58,71.0,95.0,97.0,216.0,,,0,0,165.0,52,34.275,1896.55,1862.3,,,15890,f7194544-9d5d-4232-b67b-5cc9cde613b2,0,11425,0,0,0
df31ef00-15de-11f0-be0f-000463adda64,2025-04-10,1744270974,Melbourne ride,2025-04-10T17:42:54+10:00,2025-04-10T18:14:28+10:00,Australia/Melbourne,1775,10323,10.32,20.95,35.61,72.0,94.0,107.0,258.0,,,47,60,154.0,59,30.969,1713.618,1682.6,,,27318,f7194544-9d5d-4232-b67b-5cc9cde613b2,0,9894,0,0,432
3e801580-1658-11f0-be0f-000463adda64,2025-04-11,1744346074,Melbourne roundtrip,2025-04-11T14:34:34+10:00,2025-04-11T16:42:09+10:00,Australia/Melbourne,3373,18312,18.31,19.55,37.3,65.0,95.0,92.0,227.0,,,98,98,227.0,49,54.936,3039.792,2984.9,,,37692,f7194544-9d5d-4232-b67b-5cc9cde613b2,0,17852,6,20,434
a996ac00-3203-11f0-be0f-000463adda64,2025-05-16,1747365176,Bike ride,2025-05-16T13:12:56+10:00,2025-05-16T15:46:10+10:00,Australia/Melbourne,8925,52062,52.06,21.01,43.16,76.0,113.0,113.0,410.0,,,0,0,863.0,58,156.186,8642.292,8486.1,,,56066,f7194544-9d5d-4232-b67b-5cc9cde613b2,0,33057,7,17482,1516
da411900-32c9-11f0-be0f-000463adda64,2025-05-17,1747455300,Melbourne roundtrip,2025-05-17T14:15:00+10:00,2025-05-17T15:33:11+10:00,Australia/Melbourne,4475,28692,28.69,23.08,44.54,82.0,109.0,144.0,379.0,,,279,276,497.0,50,86.076,4762.872,4676.8,,,108128,f7194544-9d5d-4232-b67b-5cc9cde613b2,0,16989,0,0,11703
48074680-3397-11f0-be0f-000463adda64,2025-05-18,1747545282,Melbourne ride,2025-05-18T15:14:42+10:00,2025-05-18T15:53:20+10:00,Australia/Melbourne,2215,14409,14.41,23.42,39.510002,77.0,116.0,171.0,426.0,,,88,60,303.0,61,43.227,2391.894,2348.7,,,136820,f7194544-9d5d-4232-b67b-5cc9cde613b2,0,14386,0,0,23
6cb9e900-33ac-11f0-be0f-000463adda64,2025-05-18,1747547849,Melbourne ride,2025-05-18T15:57:29+10:00,2025-05-18T17:28:34+10:00,Australia/Melbourne,2192,14454,14.45,23.74,42.71,81.0,105.0,155.0,363.0,,,78,98,246.0,54,43.362,2399.364,2356.0,,,151231,f7194544-9d5d-4232-b67b-5cc9cde613b2,0,58,0,0,14398
02b64800-346f-11f0-be0f-000463adda64,2025-05-19,1747631234,Melbourne ride,2025-05-19T15:07:14+10:00,2025-05-19T15:37:15+10:00,Australia/Melbourne,1794,11497,11.5,23.07,45.14,77.0,108.0,144.0,317.0,,,70,56,219.0,59,34.491,1908.502,1874.0,0,0,165687,f7194544-9d5d-4232-b67b-5cc9cde613b2,2,11497,0,0,0
57f45880-3473-11f0-be0f-000463adda64,2025-05-19,1747633302,Melbourne ride,2025-05-19T15:41:42+10:00,2025-05-19T16:10:18+10:00,Australia/Melbourne,1710,11520,11.52,24.25,40.55,80.0,104.0,134.0,336.0,,,57,61,187.0,54,34.56,1912.32,1877.8,0,0,177187,f7194544-9d5d-4232-b67b-5cc9cde613b2,0,0,0,0,11523
fab11d80-3778-11f0-be0f-000463adda64,2025-05-23,1747965387,Melbourne roundtrip,2025-05-23T11:56:27+10:00,2025-05-23T12:57:56+10:00,Australia/Melbourne,3658,24565,24.57,24.17,42.28,73.0,95.0,128.0,296.0,,,112,110,444.0,64,73.695,4077.79,4004.1,0,0,188711,f7194544-9d5d-4232-b67b-5cc9cde613b2,0,13736,0,0,10831
048c5c80-381d-11f0-be0f-000463adda64,2025-05-24,1748042490,Bike ride,2025-05-24T09:21:30+10:00,2025-05-24T10:49:18+10:00,Australia/Melbourne,1684,11159,11.16,23.85,54.260002,79.0,103.0,153.0,338.0,,,0,0,209.0,53,33.477,1852.394,1818.9,0,0,213276,f7194544-9d5d-4232-b67b-5cc9cde613b2,0,5777,0,0,5382
6bc50380-3853-11f0-be0f-000463adda64,2025-05-24,1748059811,Melbourne roundtrip,2025-05-24T14:10:11+10:00,2025-05-24T16:18:44+10:00,Australia/Melbourne,6962,45265,45.27,23.41,50.66,79.0,105.0,144.0,455.0,,,389,387,814.0,53,135.795,7513.99,7378.2,0,0,224437,f7194544-9d5d-4232-b67b-5cc9cde613b2,0,26221,0,0,19046
4e576e80-3913-11f0-be0f-000463adda64,2025-05-25,1748142649,Melbourne ride,2025-05-25T13:10:49+10:00,2025-05-25T14:27:22+10:00,Australia/Melbourne,4088,22945,22.95,20.22,38.62,77.0,109.0,156.0,477.0,,,204,171,543.0,70,68.835,3808.87,3740.0,0,0,269765,f7194544-9d5d-4232-b67b-5cc9cde613b2,0,0,0,22945,0
98931c80-3920-11f0-be0f-000463adda64,2025-05-25,1748153925,Melbourne ride,2025-05-25T16:18:45+10:00,2025-05-25T17:19:52+10:00,Australia/Melbourne,3416,22462,22.46,23.67,46.16,80.0,109.0,144.0,368.0,,,151,186,359.0,52,67.386,3728.692,3661.3,0,0,292712,f7194544-9d5d-4232-b67b-5cc9cde613b2,95,7,9,343,22010
06655280-3a9f-11f0-be0f-000463adda64,2025-05-27,1748318407,Melbourne ride,2025-05-27T14:00:07+10:00,2025-05-27T15:15:53+10:00,Australia/Melbourne,4188,26750,26.75,23.0,40.8,79.0,106.0,158.0,509.0,,,145,155,575.0,71,80.25,4440.5,4360.2,0,0,315239,f7194544-9d5d-4232-b67b-5cc9cde613b2,200,5,3,20596,5948
b2b43280-3ab9-11f0-be0f-000463adda64,2025-05-27,1748323075,Melbourne ride,2025-05-27T15:17:55+10:00,2025-05-27T15:56:56+10:00,Australia/Melbourne,2321,14931,14.93,23.16,40.59,81.0,107.0,136.0,336.0,,,75,63,248.0,51,44.793,2478.546,2433.8,0,0,341989,f7194544-9d5d-4232-b67b-5cc9cde613b2,0,0,0,0,14931
fa8e9480-3b61-11f0-be0f-000463adda64,2025-05-28,1748399065,Melbourne ride,2025-05-28T12:24:25+10:00,2025-05-28T12:53:08+10:00,Australia/Melbourne,1651,10813,10.81,23.58,42.58,84.0,119.0,161.0,375.0,,,61,86,233.0,68,32.439,1794.958,1762.5,0,0,356922,f7194544-9d5d-4232-b67b-5cc9cde613b2,0,3,2,7879,2931
e7ce8c80-3b6e-11f0-be0f-000463adda64,2025-05-28,1748400802,Melbourne ride,2025-05-28T12:53:22+10:00,2025-05-28T13:26:30+10:00,Australia/Melbourne,829,5194,5.19,22.56,40.12,84.0,113.0,142.0,342.0,,,65,43,89.0,46,15.582,862.204,846.6,0,0,367738,f7194544-9d5d-4232-b67b-5cc9cde613b2,0,0,0,0,5197
2488b800-3d16-11f0-be0f-000463adda64,2025-05-30,1748582594,Melbourne ride,2025-05-30T15:23:14+10:00,2025-05-30T15:55:18+10:00,Australia/Melbourne,1828,11531,11.53,22.72,43.13,78.0,103.0,154.0,397.0,,,65,51,246.0,73,34.593,1914.146,1879.6,0,0,372932,f7194544-9d5d-4232-b67b-5cc9cde613b2,0,0,0,11531,0
ae3a8480-3d1a-11f0-be0f-000463adda64,2025-05-30,1748584542,Bike ride,2025-05-30T15:55:42+10:00,2025-05-30T17:07:07+10:00,Australia/Melbourne,2591,16458,16.46,22.88,42.3,77.0,109.0,132.0,286.0,,,74,91,306.0,66,49.374,2732.028,2682.7,0,0,384465,f7194544-9d5d-4232-b67b-5cc9cde613b2,0,0,0,12562,3898
96700880-3dcd-11f0-be0f-000463adda64,2025-05-31,1748661402,Melbourne ride,2025-05-31T13:16:42+10:00,2025-05-31T14:26:12+10:00,Australia/Melbourne,3889,22727,22.73,21.05,52.379997,79.0,105.0,149.0,415.0,,,185,174,479.0,68,68.181,3772.682,3704.5,0,0,400925,f7194544-9d5d-4232-b67b-5cc9cde613b2,5,7,4,21478,1235
6463a400-3dd7-11f0-be0f-000463adda64,2025-05-31,1748665671,Melbourne ride,2025-05-31T14:27:51+10:00,2025-05-31T16:58:49+10:00,Australia/Melbourne,8354,51213,51.21,22.09,48.129997,82.0,116.0,132.0,314.0,,,480,484,894.0,55,153.639,8501.358,8347.7,0,0,423654,f7194544-9d5d-4232-b67b-5cc9cde613b2,60,46,50,26643,24416
94c47e80-4106-11f0-be0f-000463adda64,2025-06-04,1749015697,Melbourne ride,2025-06-04T15:41:37+10:00,2025-06-04T16:14:27+10:00,Australia/Melbourne,1818,11549,11.55,22.88,41.36,86.0,115.0,163.0,310.0,,,70,57,260.0,73,34.647,1917.134,1882.5,0,0,474909,f7194544-9d5d-4232-b67b-5cc9cde613b2,0,0,0,11551,0
2f26c100-410b-11f0-be0f-000463adda64,2025-06-04,1749017683,Melbourne ride,2025-06-04T16:14:43+10:00,2025-06-04T17:06:10+10:00,Australia/Melbourne,2372,16446,16.45,24.96,41.739998,82.0,110.0,166.0,363.0,,,67,80,348.0,68,49.338,2730.036,2680.7,0,0,486460,f7194544-9d5d-4232-b67b-5cc9cde613b2,0,0,0,2,16446
6cf92600-4280-11f0-be0f-000463adda64,2025-06-06,1749178019,Melbourne ride,2025-06-06T12:46:59+10:00,2025-06-06T13:28:11+10:00,Australia/Melbourne,2241,12852,12.85,20.66,37.64,78.0,102.0,141.0,479.0,,,118,86,283.0,62,38.556,2133.432,2094.9,0,0,502908,f7194544-9d5d-4232-b67b-5cc9cde613b2,0,4068,5,8779,2
4b9b3880-4286-11f0-be0f-000463adda64,2025-06-06,1749180521,Melbourne ride,2025-06-06T13:28:41+10:00,2025-06-06T13:43:33+10:00,Australia/Melbourne,872,5661,5.66,23.37,39.71,81.0,111.0,133.0,295.0,,,66,54,100.0,49,16.983,939.726,922.7,0,0,515762,f7194544-9d5d-4232-b67b-5cc9cde613b2,0,5026,0,0,637
7090ab00-4288-11f0-be0f-000463adda64,2025-06-06,1749181422,Melbourne ride,2025-06-06T13:43:42+10:00,2025-06-06T15:59:18+10:00,Australia/Melbourne,2972,19635,19.64,23.78,52.8,82.0,106.0,158.0,347.0,,,161,154,418.0,53,58.905,3259.41,3200.5,0,0,521423,f7194544-9d5d-4232-b67b-5cc9cde613b2,0,19635,0,0,0
66c47300-429b-11f0-be0f-000463adda64,2025-06-06,1749189569,Bike ride,2025-06-06T15:59:29+10:00,2025-06-06T17:18:31+10:00,Australia/Melbourne,4278,27918,27.92,23.49,45.18,81.0,108.0,105.0,283.0,,,198,221,389.0,44,83.754,4634.388,4550.6,0,0,541061,f7194544-9d5d-4232-b67b-5cc9cde613b2,0,9462,0,0,18459
d3b54580-4420-11f0-be0f-000463adda64,2025-06-08,1749356842,Melbourne ride,2025-06-08T14:27:22+10:00,2025-06-08T15:38:03+10:00,Australia/Melbourne,4108,25346,25.35,22.22,43.09,79.0,110.0,149.0,346.0,,,139,123,517.0,64,76.038,4207.436,4131.4,0,0,568979,f7194544-9d5d-4232-b67b-5cc9cde613b2,0,25346,0,0,0
c604bd80-442a-11f0-be0f-000463adda64,2025-06-08,1749361175,Melbourne ride,2025-06-08T15:39:35+10:00,2025-06-08T15:52:19+10:00,Australia/Melbourne,712,4446,4.45,22.49,42.56,85.0,108.0,166.0,317.0,,,22,5,100.0,75,13.338,738.036,724.7,0,0,594325,f7194544-9d5d-4232-b67b-5cc9cde613b2,0,4446,0,0,0
c43bf980-442c-11f0-be0f-000463adda64,2025-06-08,1749362279,Melbourne ride,2025-06-08T15:57:59+10:00,2025-06-08T17:23:03+10:00,Australia/Melbourne,4704,31106,31.11,23.8,41.91,85.0,110.0,149.0,418.0,,,183,227,539.0,54,93.318,5163.596,5070.3,0,0,598773,f7194544-9d5d-4232-b67b-5cc9cde613b2,0,232,0,0,30876
78dc1800-4439-11f0-be0f-000463adda64,2025-06-08,1749367794,Bike ride,2025-06-08T17:29:54+10:00,2025-06-08T17:45:20+10:00,Australia/Melbourne,888,5062,5.06,20.53,37.760002,83.0,107.0,119.0,229.0,,,50,38,62.0,32,15.186,840.292,825.1,0,0,629881,f7194544-9d5d-4232-b67b-5cc9cde613b2,0,19,12,18,5015
67fb2000-4806-11f0-be0f-000463adda64,2025-06-13,1749785389,Melbourne ride,2025-06-13T13:29:49+10:00,2025-06-13T15:12:21+10:00,Australia/Melbourne,5675,36069,36.07,22.89,38.23,81.0,105.0,164.0,366.0,,,86,134,823.0,78,108.207,5987.454,5879.2,0,0,634943,f7194544-9d5d-4232-b67b-5cc9cde613b2,0,0,0,36069,0
07271400-4815-11f0-be0f-000463adda64,2025-06-13,1749792501,Bike ride,2025-06-13T15:28:21+10:00,2025-06-13T16:57:30+10:00,Australia/Melbourne,4844,29898,29.9,22.23,45.19,80.0,108.0,130.0,307.0,,,134,90,498.0,55,89.694,4963.068,4873.4,0,0,671015,f7194544-9d5d-4232-b67b-5cc9cde613b2,0,0,0,0,29901
65b9c400-48e1-11f0-be0f-000463adda64,2025-06-14,1749879453,Melbourne ride,2025-06-14T15:37:33+10:00,2025-06-14T16:06:37+10:00,Australia/Melbourne,1703,11576,11.58,24.47,40.08,85.0,107.0,176.0,332.0,,,71,56,241.0,61,34.728,1921.616,1886.9,0,0,700919,f7194544-9d5d-4232-b67b-5cc9cde613b2,0,4689,0,0,6889
c0551f00-48e5-11f0-be0f-000463adda64,2025-06-14,1749881266,Melbourne ride,2025-06-14T16:07:46+10:00,2025-06-14T16:35:20+10:00,Australia/Melbourne,1660,11601,11.6,25.16,42.11,87.0,110.0,154.0,264.0,,,19,72,213.0,64,34.803,1925.766,1891.0,0,0,712497,f7194544-9d5d-4232-b67b-5cc9cde613b2,0,0,0,0,11603
c8af5900-48e9-11f0-be0f-000463adda64,2025-06-14,1749884148,Melbourne ride,2025-06-14T16:55:48+10:00,2025-06-14T17:04:57+10:00,Australia/Melbourne,505,2821,2.82,20.14,31.03,77.0,107.0,106.0,224.0,,,43,3,42.0,32,8.463,468.286,459.8,0,0,724100,f7194544-9d5d-4232-b67b-5cc9cde613b2,0,0,0,0,2821
41b4f600-4bf3-11f0-be0f-000463adda64,2025-06-18,1750216917,Melbourne ride,2025-06-18T13:21:57+10:00,2025-06-18T13:49:39+10:00,Australia/Melbourne,1624,11558,11.56,25.619999,41.4,86.0,111.0,200.0,408.0,,,69,54,268.0,71,34.674,1918.628,1884.0,0,0,726955,f7194544-9d5d-4232-b67b-5cc9cde613b2,0,0,0,0,11558
880c5400-4bf7-11f0-be0f-000463adda64,2025-06-18,1750219195,Melbourne ride,2025-06-18T13:59:55+10:00,2025-06-18T14:28:03+10:00,Australia/Melbourne,1688,11568,11.57,24.67,40.97,80.0,102.0,163.0,304.0,,,55,71,218.0,60,34.704,1920.288,1885.6,0,0,738517,f7194544-9d5d-4232-b67b-5cc9cde613b2,0,0,0,0,11570
1f4be580-4d77-11f0-be0f-000463adda64,2025-06-20,1750383576,Melbourne ride,2025-06-20T11:39:36+10:00,2025-06-20T12:11:30+10:00,Australia/Melbourne,1884,12746,12.75,24.35,41.06,84.0,110.0,177.0,379.0,,,41,77,278.0,77,38.238,2115.836,2077.6,0,0,750233,f7194544-9d5d-4232-b67b-5cc9cde613b2,0,12746,0,0,0
ebbf8a00-4d7b-11f0-be0f-000463adda64,2025-06-20,1750385541,Melbourne ride,2025-06-20T12:12:21+10:00,2025-06-20T13:00:19+10:00,Australia/Melbourne,2536,15021,15.02,21.33,41.3,78.0,103.0,143.0,361.0,,,58,61,276.0,68,45.063,2493.486,2448.4,0,0,762981,f7194544-9d5d-4232-b67b-5cc9cde613b2,0,15023,0,0,0
bbc7b500-4d82-11f0-be0f-000463adda64,2025-06-20,1750390138,Bike ride,2025-06-20T13:28:58+10:00,2025-06-20T14:56:07+10:00,Australia/Melbourne,4754,30422,30.42,23.04,41.7,76.0,109.0,142.0,361.0,,,135,97,545.0,58,91.266,5050.052,4958.8,0,0,778004,f7194544-9d5d-4232-b67b-5cc9cde613b2,0,147,7,3346,26924
a0632980-52ef-11f0-be0f-000463adda64,2025-06-27,1750985151,Melbourne ride,2025-06-27T10:45:51+10:00,2025-06-27T11:47:33+10:00,Australia/Melbourne,3623,23465,23.46,23.32,39.64,79.0,105.0,178.0,475.0,,,189,173,542.0,70,70.395,3895.19,3824.8,0,0,808426,f7194544-9d5d-4232-b67b-5cc9cde613b2,11,4546,20,18778,110
c50fcf00-52f8-11f0-be0f-000463adda64,2025-06-27,1750989327,Bike ride,2025-06-27T11:55:27+10:00,2025-06-27T12:55:19+10:00,Australia/Melbourne,3560,23499,23.5,23.76,41.98,80.0,104.0,147.0,431.0,,,182,201,417.0,54,70.497,3900.834,3830.3,0,0,831895,f7194544-9d5d-4232-b67b-5cc9cde613b2,0,18,15,8598,14868
b4e96b00-57a2-11f0-be0f-000463adda64,2025-07-03,1751502035,Melbourne ride,2025-07-03T10:20:35+10:00,2025-07-03T11:22:47+10:00,Australia/Melbourne,3588,22198,22.2,22.28,48.9,81.0,117.0,170.0,544.0,,,199,201,512.0,73,66.594,3684.868,3618.3,0,0,855399,f7194544-9d5d-4232-b67b-5cc9cde613b2,0,0,0,22198,0
40b3c500-57ac-11f0-be0f-000463adda64,2025-07-03,1751505911,Melbourne ride,2025-07-03T11:25:11+10:00,2025-07-03T12:18:46+10:00,Australia/Melbourne,3146,21153,21.15,24.21,40.87,85.0,110.0,148.0,416.0,,,180,176,383.0,51,63.459,3511.398,3447.9,0,0,877599,f7194544-9d5d-4232-b67b-5cc9cde613b2,0,2,5,333,20815
cd20bf00-5862-11f0-be0f-000463adda64,2025-07-04,1751584218,Melbourne ride,2025-07-04T09:10:18+10:00,2025-07-04T09:38:12+10:00,Australia/Melbourne,1568,10456,10.46,24.01,43.27,80.0,116.0,181.0,433.0,,,61,85,232.0,74,31.368,1735.696,1704.3,0,0,898765,f7194544-9d5d-4232-b67b-5cc9cde613b2,2,3,0,6565,3888
f0606400-588c-11f0-be0f-000463adda64,2025-07-04,1751602280,Bike ride,2025-07-04T14:11:20+10:00,2025-07-04T15:45:09+10:00,Australia/Melbourne,1704,10903,10.9,23.03,34.52,78.0,97.0,139.0,360.0,,,71,49,197.0,59,32.709,1809.898,1777.2,0,0,909223,f7194544-9d5d-4232-b67b-5cc9cde613b2,2,5,4,2333,8561
1c352580-5931-11f0-be0f-000463adda64,2025-07-05,1751672846,Melbourne ride,2025-07-05T09:47:26+10:00,2025-07-05T11:54:22+10:00,Australia/Melbourne,7027,40426,40.43,20.72,44.12,79.0,115.0,148.0,390.0,,,260,303,865.0,73,121.278,6710.716,6589.4,0,0,920128,f7194544-9d5d-4232-b67b-5cc9cde613b2,2337,0,0,38091,0
06c8f700-5943-11f0-be0f-000463adda64,2025-07-05,1751680513,Bike ride,2025-07-05T11:55:13+10:00,2025-07-05T14:37:55+10:00,Australia/Melbourne,5585,33322,33.32,21.49,41.33,81.0,113.0,134.0,415.0,,,271,229,584.0,52,99.966,5531.452,5431.5,0,0,960556,f7194544-9d5d-4232-b67b-5cc9cde613b2,0,43,32,12503,20746
81528900-5c59-11f0-be0f-000463adda64,2025-07-09,1752020024,Melbourne ride,2025-07-09T10:13:44+10:00,2025-07-09T12:32:56+10:00,Australia/Melbourne,6596,39241,39.24,21.43,47.2,79.0,108.0,163.0,553.0,,,395,328,934.0,68,117.723,6514.006,6396.3,0,0,993878,f7194544-9d5d-4232-b67b-5cc9cde613b2,0,138,23,38655,425
0f843a80-5c6d-11f0-be0f-000463adda64,2025-07-09,1752028544,Melbourne ride,2025-07-09T12:35:44+10:00,2025-07-09T12:44:27+10:00,Australia/Melbourne,519,3215,3.21,22.31,45.38,77.0,96.0,149.0,364.0,,,23,94,46.0,67,9.645,533.69,524.0,0,0,1033122,f7194544-9d5d-4232-b67b-5cc9cde613b2,0,0,0,3218,0
a9001c00-5c6e-11f0-be0f-000463adda64,2025-07-09,1752029098,Melbourne ride,2025-07-09T12:44:58+10:00,2025-07-09T13:43:59+10:00,Australia/Melbourne,885,6034,6.03,24.54,51.07,84.0,105.0,179.0,372.0,,,120,104,135.0,53,18.102,1001.644,983.5,0,0,1036339,f7194544-9d5d-4232-b67b-5cc9cde613b2,0,2,0,456,5578
f2ed0000-5c76-11f0-be0f-000463adda64,2025-07-09,1752032666,Bike ride,2025-07-09T13:44:26+10:00,2025-07-09T15:04:49+10:00,Australia/Melbourne,4640,29720,29.72,23.06,43.48,80.0,107.0,134.0,481.0,,,352,360,450.0,42,89.16,4933.52,4844.4,0,0,1042373,f7194544-9d5d-4232-b67b-5cc9cde613b2,0,19,24,3147,26530
a3583f80-5ed5-11f0-be0f-000463adda64,2025-07-12,1752293253,Melbourne ride,2025-07-12T14:07:33+10:00,2025-07-12T14:44:31+10:00,Australia/Melbourne,2151,13891,13.89,23.25,40.25,77.0,104.0,163.0,341.0,,,88,59,296.0,65,41.673,2305.906,2264.2,0,0,1072098,f7194544-9d5d-4232-b67b-5cc9cde613b2,0,7366,11,6516,0
f254a380-5eda-11f0-be0f-000463adda64,2025-07-12,1752295628,Melbourne ride,2025-07-12T14:47:08+10:00,2025-07-12T16:49:44+10:00,Australia/Melbourne,5081,30995,31.0,21.98,53.29,79.0,115.0,159.0,438.0,,,332,397,588.0,55,92.985,5145.17,5052.2,0,0,1085992,f7194544-9d5d-4232-b67b-5cc9cde613b2,0,55,10,11304,19629
6a779500-5eec-11f0-be0f-000463adda64,2025-07-12,1752303826,Bike ride,2025-07-12T17:03:46+10:00,2025-07-12T17:12:56+10:00,Australia/Melbourne,536,2857,2.86,19.2,29.79,81.0,97.0,108.0,225.0,,,41,4,42.0,32,8.571,474.262,465.7,0,0,1116987,f7194544-9d5d-4232-b67b-5cc9cde613b2,0,0,0,0,2857
c01c8080-6057-11f0-be0f-000463adda64,2025-07-14,1752459076,Melbourne ride,2025-07-14T12:11:16+10:00,2025-07-14T13:24:15+10:00,Australia/Melbourne,3033,18478,18.48,21.94,43.97,78.0,119.0,171.0,535.0,,,85,122,416.0,73,55.434,3067.348,3011.9,0,0,1119844,f7194544-9d5d-4232-b67b-5cc9cde613b2,0,0,0,18478,0
7be3ad00-6064-11f0-be0f-000463adda64,2025-07-14,1752464536,Bike ride,2025-07-14T13:42:16+10:00,2025-07-14T14:10:21+10:00,Australia/Melbourne,1514,9927,9.93,23.6,35.11,81.0,110.0,167.0,477.0,,,66,30,202.0,61,29.781,1647.882,1618.1,0,0,1138324,f7194544-9d5d-4232-b67b-5cc9cde613b2,0,3,2,76,9848
73d78600-6360-11f0-be0f-000463adda64,2025-07-18,1752792669,Melbourne ride,2025-07-18T08:51:09+10:00,2025-07-18T10:35:07+10:00,Australia/Melbourne,2495,16492,16.49,23.8,44.54,84.0,109.0,186.0,433.0,,,110,120,404.0,73,49.476,2737.672,2688.2,0,0,1148251,f7194544-9d5d-4232-b67b-5cc9cde613b2,0,17,26,15402,1047
a8f3d080-6380-11f0-be0f-000463adda64,2025-07-18,1752806490,Bike ride,2025-07-18T12:41:30+10:00,2025-07-18T13:20:06+10:00,Australia/Melbourne,2020,13137,13.14,23.41,39.8,79.0,102.0,160.0,299.0,,,73,65,261.0,65,39.411,2180.742,2141.3,0,0,1164743,f7194544-9d5d-4232-b67b-5cc9cde613b2,0,0,0,1100,12037
e6e43500-65ca-11f0-be0f-000463adda64,2025-07-21,1753058276,Melbourne ride,2025-07-21T10:37:56+10:00,2025-07-21T11:17:46+10:00,Australia/Melbourne,2151,14280,14.28,23.9,40.510002,82.0,103.0,184.0,500.0,,,43,82,335.0,81,42.84,2370.48,2327.6,0,0,1177880,f7194544-9d5d-4232-b67b-5cc9cde613b2,0,0,0,14280,0
0dad6600-65e1-11f0-be0f-000463adda64,2025-07-21,1753067772,Melbourne ride,2025-07-21T13:16:12+10:00,2025-07-21T13:56:19+10:00,Australia/Melbourne,2412,14130,14.13,21.1,38.46,72.0,95.0,117.0,285.0,,,85,46,246.0,56,42.39,2345.58,2303.2,0,0,1192164,f7194544-9d5d-4232-b67b-5cc9cde613b2,0,16,13,9446,4657
b4984780-68ea-11f0-be0f-000463adda64,2025-07-25,1753401794,Melbourne ride,2025-07-25T10:03:14+10:00,2025-07-25T10:50:03+10:00,Australia/Melbourne,2773,17019,17.02,22.1,43.6,80.0,103.0,160.0,449.0,,,127,135,385.0,70,51.057,2825.154,2774.1,0,0,1206296,f7194544-9d5d-4232-b67b-5cc9cde613b2,0,11,6,16864,140
515de380-68f1-11f0-be0f-000463adda64,2025-07-25,1753404666,Melbourne ride,2025-07-25T10:51:06+10:00,2025-07-25T11:14:31+10:00,Australia/Melbourne,1364,7722,7.72,20.39,37.38,76.0,102.0,152.0,477.0,,,49,37,166.0,68,23.166,1281.852,1258.7,0,0,1223315,f7194544-9d5d-4232-b67b-5cc9cde613b2,0,0,0,7722,0
bf57da00-68f4-11f0-be0f-000463adda64,2025-07-25,1753406738,Bike ride,2025-07-25T11:25:38+10:00,2025-07-25T12:58:37+10:00,Australia/Melbourne,5452,35255,35.26,23.28,45.37,81.0,109.0,132.0,360.0,,,254,260,604.0,52,105.765,5852.33,5746.6,0,0,1231039,f7194544-9d5d-4232-b67b-5cc9cde613b2,0,4,0,8804,26449
bf0e9000-6e5a-11f0-be0f-000463adda64,2025-08-01,1753999690,Melbourne ride,2025-08-01T08:08:10+10:00,2025-08-01T08:40:46+10:00,Australia/Melbourne,1911,12924,12.92,24.35,38.23,81.0,108.0,163.0,583.0,,,44,89,249.0,67,38.772,2145.384,2106.6,0,0,1266296,f7194544-9d5d-4232-b67b-5cc9cde613b2,0,5,0,6387,6534
6988b200-6e5f-11f0-be0f-000463adda64,2025-08-01,1754001700,Melbourne ride,2025-08-01T08:41:40+10:00,2025-08-01T09:11:42+10:00,Australia/Melbourne,1644,9819,9.82,21.51,43.81,76.0,98.0,153.0,328.0,,,91,85,168.0,46,29.457,1629.954,1600.5,0,0,1279222,f7194544-9d5d-4232-b67b-5cc9cde613b2,0,0,0,0,9821
46176e80-70ce-11f0-be0f-000463adda64,2025-08-04,1754269463,Melbourne ride,2025-08-04T11:04:23+10:00,2025-08-04T12:06:21+10:00,Australia/Melbourne,2636,14158,14.16,19.35,32.26,72.0,109.0,148.0,401.0,,,97,86,294.0,72,42.474,2350.228,2307.8,0,0,1289043,f7194544-9d5d-4232-b67b-5cc9cde613b2,1189,0,0,12971,0
a52db100-70d7-11f0-be0f-000463adda64,2025-08-04,1754273215,Melbourne ride,2025-08-04T12:06:55+10:00,2025-08-04T12:44:41+10:00,Australia/Melbourne,1345,8999,9.0,24.09,40.55,78.0,98.0,157.0,420.0,,,55,57,172.0,59,26.997,1493.834,1466.8,0,0,1303203,f7194544-9d5d-4232-b67b-5cc9cde613b2,0,2,5,406,8588
fb512300-70dc-11f0-be0f-000463adda64,2025-08-04,1754276180,Melbourne ride,2025-08-04T12:56:20+10:00,2025-08-04T13:04:44+10:00,Australia/Melbourne,451,2403,2.4,19.19,27.61,69.0,89.0,103.0,177.0,,,38,15,33.0,31,7.209,398.898,391.7,0,0,1312202,f7194544-9d5d-4232-b67b-5cc9cde613b2,0,0,0,0,2403
a88bb880-749a-11f0-be0f-000463adda64,2025-08-09,1754686806,Melbourne ride,2025-08-09T07:00:06+10:00,2025-08-09T07:23:00+10:00,Australia/Melbourne,1139,7038,7.04,22.25,39.37,78.0,95.0,154.0,342.0,,,15,52,152.0,84,21.114,1168.308,1147.2,0,0,1314670,f7194544-9d5d-4232-b67b-5cc9cde613b2,1508,0,0,5422,110
f0f8a580-749d-11f0-be0f-000463adda64,2025-08-09,1754688635,Melbourne ride,2025-08-09T07:30:35+10:00,2025-08-09T08:48:59+10:00,Australia/Melbourne,4384,29551,29.55,24.27,38.3,77.0,104.0,149.0,466.0,,,126,121,569.0,75,88.653,4905.466,4816.8,0,0,1321710,f7194544-9d5d-4232-b67b-5cc9cde613b2,141,27853,1550,9,0
90bc3080-74aa-11f0-be0f-000463adda64,2025-08-09,1754693693,Bike ride,2025-08-09T08:54:53+10:00,2025-08-09T09:50:28+10:00,Australia/Melbourne,2623,16516,16.52,22.68,32.59,78.0,112.0,124.0,350.0,,,108,76,279.0,44,49.548,2741.656,2692.1,0,0,1351264,f7194544-9d5d-4232-b67b-5cc9cde613b2,0,14,0,0,16505
9b113280-7642-11f0-be0f-000463adda64,2025-08-11,1754868909,Melbourne ride,2025-08-11T09:35:09+10:00,2025-08-11T10:30:01+10:00,Australia/Melbourne,2647,16397,16.4,22.31,40.42,78.0,107.0,163.0,385.0,,,81,86,364.0,73,49.191,2721.902,2672.7,0,0,1367782,f7194544-9d5d-4232-b67b-5cc9cde613b2,0,9,14,15899,477
5b4e4900-764a-11f0-be0f-000463adda64,2025-08-11,1754872221,Bike ride,2025-08-11T10:30:21+10:00,2025-08-11T12:47:02+10:00,Australia/Melbourne,2556,16525,16.52,23.27,37.89,80.0,105.0,146.0,335.0,,,83,79,298.0,61,49.575,2743.15,2693.6,0,0,1384181,f7194544-9d5d-4232-b67b-5cc9cde613b2,0,0,0,343,16184
d002be00-77d7-11f0-be0f-000463adda64,2025-08-13,1755042925,Melbourne ride,2025-08-13T09:55:25+10:00,2025-08-13T10:46:37+10:00,Australia/Melbourne,2658,18010,18.01,24.39,40.18,86.0,112.0,185.0,460.0,,,89,89,390.0,68,54.03,2989.66,2935.6,0,0,1400706,f7194544-9d5d-4232-b67b-5cc9cde613b2,0,0,0,0,18010
fed06280-77de-11f0-be0f-000463adda64,2025-08-13,1755053078,Bike ride,2025-08-13T12:44:38+10:00,2025-08-13T13:39:09+10:00,Australia/Melbourne,2968,19402,19.4,23.53,39.6,82.0,111.0,145.0,326.0,,,89,94,370.0,56,58.206,3220.732,3162.5,0,0,1418718,f7194544-9d5d-4232-b67b-5cc9cde613b2,75,0,0,2,19327
92e57280-7c94-11f0-be0f-000463adda64,2025-08-19,1755563808,Melbourne ride,2025-08-19T10:36:48+10:00,2025-08-19T12:08:44+10:00,Australia/Melbourne,4868,28649,28.65,21.2,48.239998,86.0,120.0,168.0,491.0,,,279,256,674.0,74,85.947,4755.734,4669.8,0,0,1438124,f7194544-9d5d-4232-b67b-5cc9cde613b2,614,28,52,27428,548
77349900-7ca1-11f0-be0f-000463adda64,2025-08-19,1755569392,Bike ride,2025-08-19T12:09:52+10:00,2025-08-19T13:01:40+10:00,Australia/Melbourne,2959,18927,18.93,23.03,50.96,84.0,114.0,141.0,420.0,,,206,230,284.0,41,56.781,3141.882,3085.1,0,0,1466775,f7194544-9d5d-4232-b67b-5cc9cde613b2,0,2,5,29,18893
8e828d80-7d58-11f0-be0f-000463adda64,2025-08-20,1755655228,Melbourne ride,2025-08-20T12:00:28+10:00,2025-08-20T12:00:34+10:00,Australia/Melbourne,24,42581,42.58,3.8899994,5.1399994,0.0,0.0,0.0,0.0,,,0,0,0.0,0,127.743,7068.446,6940.7,0,0,1485704,f7194544-9d5d-4232-b67b-5cc9cde613b2,0,0,0,0,25
71a28600-7d69-11f0-be0f-000463adda64,2025-08-20,1755655228,Bike ride,2025-08-20T12:00:28+10:00,2025-08-20T13:18:55+10:00,Australia/Melbourne,2885,17500,17.5,21.84,41.35,75.0,112.0,102.0,395.0,,,145,151,219.0,38,52.5,2905.0,2852.5,0,0,1528260,f7194544-9d5d-4232-b67b-5cc9cde613b2,0,0,0,0,17500
034eb380-86d9-11f0-be0f-000463adda64,2025-09-01,1756692708,Bike ride,2025-09-01T12:11:48+10:00,2025-09-01T14:03:14+10:00,Australia/Melbourne,6095,38731,38.73,22.89,49.55,81.0,111.0,138.0,418.0,,,312,311,719.0,53,116.193,6429.346,6313.2,0,0,1545762,f7194544-9d5d-4232-b67b-5cc9cde613b2,0,27,23,19033,19646
e223e880-a94f-11f0-be0f-000463adda64,2025-10-15,1760482202,Melbourne ride,2025-10-15T09:50:02+11:00,2025-10-15T10:45:32+11:00,Australia/Melbourne,2149,14154,14.15,23.71,38.89,80.0,106.0,154.0,319.0,,,91,65,272.0,58,42.462,2349.564,2307.1,0,0,1584493,f7194544-9d5d-4232-b67b-5cc9cde613b2,0,9,4,2036,12105
e9e78b00-a957-11f0-be0f-000463adda64,2025-10-15,1760487531,Melbourne ride,2025-10-15T11:18:51+11:00,2025-10-15T12:43:04+11:00,Australia/Melbourne,2560,16148,16.15,22.72,40.84,80.0,129.0,145.0,413.0,,,70,94,263.0,57,48.444,2680.568,2632.1,0,0,1598647,f7194544-9d5d-4232-b67b-5cc9cde613b2,1132,250,151,1847,12768
f6bbe700-abc2-11f0-be0f-000463adda64,2025-10-18,1760751431,Melbourne ride,2025-10-18T12:37:11+11:00,2025-10-18T14:09:32+11:00,Australia/Melbourne,4971,30915,30.91,22.4,48.84,80.0,112.0,152.0,434.0,,,290,256,616.0,64,92.745,5131.89,5039.1,0,0,1614910,f7194544-9d5d-4232-b67b-5cc9cde613b2,783,159,37,27946,1990
ebbb8380-abcf-11f0-be0f-000463adda64,2025-10-18,1760757016,Melbourne ride,2025-10-18T14:10:16+11:00,2025-10-18T15:54:21+11:00,Australia/Melbourne,4216,27404,27.4,23.44,48.510002,80.0,107.0,127.0,330.0,,,199,233,402.0,42,82.212,4549.064,4466.9,0,0,1645827,f7194544-9d5d-4232-b67b-5cc9cde613b2,0,0,0,51,27353
a78ab180-b6ac-11f0-be0f-000463adda64,2025-11-01,1761951312,Melbourne ride,2025-11-01T09:55:12+11:00,2025-11-01T11:06:23+11:00,Australia/Melbourne,3483,21527,21.53,22.26,39.07,80.0,104.0,159.0,408.0,,,100,90,469.0,73,64.581,3573.482,3508.9,0,0,1673725,f7194544-9d5d-4232-b67b-5cc9cde613b2,1317,2,4,20012,189
a78faf00-b6b6-11f0-be0f-000463adda64,2025-11-01,1761955614,Bike ride,2025-11-01T11:06:54+11:00,2025-11-01T14:24:04+11:00,Australia/Melbourne,3691,22400,22.4,21.86,36.84,81.0,104.0,130.0,279.0,,,93,112,366.0,52,67.2,3718.4,3651.2,0,0,1695254,f7194544-9d5d-4232-b67b-5cc9cde613b2,27,13,11,350,22001
d6919080-babb-11f0-be0f-000463adda64,2025-11-06,1762397641,Bike ride,2025-11-06T13:54:01+11:00,2025-11-06T15:19:03+11:00,Australia/Melbourne,4812,30930,30.93,23.14,41.36,80.0,108.0,151.0,330.0,,,184,186,604.0,64,92.79,5134.38,5041.6,0,0,1717764,f7194544-9d5d-4232-b67b-5cc9cde613b2,0,13,33,19309,11575
fde2e300-c010-11f0-be0f-000463adda64,2025-11-13,1762983988,Bike ride,2025-11-13T08:46:28+11:00,2025-11-13T08:47:53+11:00,Australia/Melbourne,72,117,0.12,5.8600006,8.950001,0.0,0.0,0.0,0.0,,,0,0,1.0,0,0.351,19.422,19.1,0,0,1748771,f7194544-9d5d-4232-b67b-5cc9cde613b2,0,0,0,0,119
4a2e2300-c011-11f0-be0f-000463adda64,2025-11-13,1762984117,Melbourne ride,2025-11-13T08:48:37+11:00,2025-11-13T09:28:11+11:00,Australia/Melbourne,2201,14292,14.29,23.38,41.56,85.0,109.0,158.0,343.0,,,92,65,285.0,60,42.876,2372.472,2329.6,0,0,1748890,f7194544-9d5d-4232-b67b-5cc9cde613b2,862,12011,15,1402,4
e9094e00-c016-11f0-be0f-000463adda64,2025-11-13,1762986524,Melbourne ride,2025-11-13T09:28:44+11:00,2025-11-13T10:37:16+11:00,Australia/Melbourne,3009,16568,16.57,19.83,39.87,77.0,102.0,130.0,353.0,,,41,103,312.0,81,49.704,2750.288,2700.6,0,0,1763184,f7194544-9d5d-4232-b67b-5cc9cde613b2,10108,12,25,6161,264
8d43c280-c020-11f0-be0f-000463adda64,2025-11-13,1762990710,Melbourne ride,2025-11-13T10:38:30+11:00,2025-11-13T10:49:20+11:00,Australia/Melbourne,634,3704,3.7,21.04,35.64,85.0,112.0,137.0,312.0,,,18,10,71.0,63,11.112,614.864,603.8,0,0,1779752,f7194544-9d5d-4232-b67b-5cc9cde613b2,440,15,171,2749,329
ed406600-c02c-11f0-be0f-000463adda64,2025-11-13,1762995964,Bike ride,2025-11-13T12:06:04+11:00,2025-11-13T12:30:46+11:00,Australia/Melbourne,1384,8462,8.46,22.02,36.41,71.0,103.0,88.0,224.0,,,59,35,94.0,35,25.386,1404.692,1379.3,0,0,1783456,f7194544-9d5d-4232-b67b-5cc9cde613b2,0,0,2,9,8451
b50b1400-c8c5-11f0-be0f-000463adda64,2025-11-24,1763941343,Melbourne ride,2025-11-24T10:42:23+11:00,2025-11-24T11:38:01+11:00,Australia/Melbourne,3263,18407,18.41,20.32,38.46,79.0,105.0,137.0,384.0,,,143,99,395.0,73,55.221,3055.562,3000.3,0,0,1791922,f7194544-9d5d-4232-b67b-5cc9cde613b2,6844,10,10,11141,404
dec83900-c8cd-11f0-be0f-000463adda64,2025-11-24,1763944994,Bike ride,2025-11-24T11:43:14+11:00,2025-11-24T12:30:59+11:00,Australia/Melbourne,2809,17850,17.85,22.89,49.120003,76.0,101.0,106.0,312.0,,,114,162,245.0,43,53.55,2963.1,2909.5,0,0,1810331,f7194544-9d5d-4232-b67b-5cc9cde613b2,750,21,26,1485,15570
82288f00-cbe9-11f0-be0f-000463adda64,2025-11-28,1764286727,Melbourne ride,2025-11-28T10:38:47+11:00,2025-11-28T10:57:17+11:00,Australia/Melbourne,1103,5958,5.96,19.46,40.37,72.0,94.0,145.0,307.0,,,52,65,130.0,86,17.874,989.028,971.2,0,0,1828169,f7194544-9d5d-4232-b67b-5cc9cde613b2,4313,0,0,1647,0
d41ee400-cbec-11f0-be0f-000463adda64,2025-11-28,1764287903,Melbourne ride,2025-11-28T10:58:23+11:00,2025-11-28T12:24:19+11:00,Australia/Melbourne,5084,29648,29.65,21.0,48.45,80.0,126.0,116.0,423.0,,,188,179,559.0,67,88.944,4921.568,4832.6,0,0,1834129,f7194544-9d5d-4232-b67b-5cc9cde613b2,11519,35,60,16618,1418
06ced980-cbf9-11f0-be0f-000463adda64,2025-11-28,1764293105,Bike ride,2025-11-28T12:25:05+11:00,2025-11-28T14:34:15+11:00,Australia/Melbourne,5021,32919,32.92,23.6,46.43,81.0,102.0,95.0,457.0,,,222,222,412.0,37,98.757,5464.554,5365.8,0,0,1863780,f7194544-9d5d-4232-b67b-5cc9cde613b2,275,11,0,62,32574
ea159880-d54c-11f0-be0f-000463adda64,2025-12-10,1765318677,Bike ride,2025-12-10T09:17:57+11:00,2025-12-10T12:11:04+11:00,Australia/Melbourne,5198,26346,26.35,18.26,41.22,71.0,107.0,104.0,363.0,,,145,148,400.0,56,79.038,4373.436,4294.4,0,0,1896699,f7194544-9d5d-4232-b67b-5cc9cde613b2,11198,38,4,4030,11076
5a80d880-df95-11f0-be0f-000463adda64,2025-12-23,1766449313,Melbourne ride,2025-12-23T11:21:53+11:00,2025-12-23T12:34:45+11:00,Australia/Melbourne,4038,21476,21.48,19.16,36.04,77.0,103.0,116.0,317.0,,,97,104,449.0,82,64.428,3565.016,3500.6,0,0,1923045,f7194544-9d5d-4232-b67b-5cc9cde613b2,14516,5,7,6890,58
9caf1780-df9f-11f0-be0f-000463adda64,2025-12-23,1766454420,Melbourne ride,2025-12-23T12:47:00+11:00,2025-12-23T13:23:17+11:00,Australia/Melbourne,1865,12094,12.09,23.34,34.63,80.0,100.0,95.0,210.0,,,43,26,161.0,40,36.282,2007.604,1971.3,0,0,1944523,f7194544-9d5d-4232-b67b-5cc9cde613b2,63,2,2,0,12029
60cb8080-dfa6-11f0-be0f-000463adda64,2025-12-23,1766457635,Bike ride,2025-12-23T13:40:35+11:00,2025-12-23T14:05:40+11:00,Australia/Melbourne,1264,7868,7.87,22.42,47.21,77.0,105.0,104.0,309.0,,,43,60,113.0,40,23.604,1306.088,1282.5,0,0,1956617,f7194544-9d5d-4232-b67b-5cc9cde613b2,0,0,0,0,7868
a84c4980-e1fe-11f0-be0f-000463adda64,2025-12-26,1766714822,Melbourne roundtrip,2025-12-26T13:07:02+11:00,2025-12-26T15:42:22+11:00,Australia/Melbourne,8209,38653,38.65,16.96,44.11,71.0,107.0,107.0,443.0,,,328,326,562.0,54,115.959,6416.398,6300.4,0,0,1964487,f7194544-9d5d-4232-b67b-5cc9cde613b2,14015,23,20,9661,14936
7ee07000-e760-11f0-be0f-000463adda64,2026-01-02,1767306217,Melbourne ride,2026-01-02T09:23:37+11:00,2026-01-02T10:54:45+11:00,Australia/Melbourne,4937,28449,28.45,20.75,36.52,79.0,109.0,127.0,353.0,,,61,102,560.0,81,85.347,4722.534,4637.2,0,0,2003249,f7194544-9d5d-4232-b67b-5cc9cde613b2,14821,0,0,13626,4
01bef600-e774-11f0-be0f-000463adda64,2026-01-02,1767314592,Melbourne ride,2026-01-02T11:43:12+11:00,2026-01-02T12:59:11+11:00,Australia/Melbourne,4450,26527,26.53,21.47,36.11,74.0,103.0,99.0,279.0,,,97,60,315.0,47,79.581,4403.482,4323.9,0,0,2031700,f7194544-9d5d-4232-b67b-5cc9cde613b2,0,7337,10,613,18569
4ead1000-ea85-11f0-be0f-000463adda64,2026-01-06,1767651981,Melbourne ride,2026-01-06T09:26:21+11:00,2026-01-06T11:12:30+11:00,Australia/Melbourne,5116,28533,28.53,20.09,47.18,80.0,113.0,117.0,475.0,,,250,216,538.0,64,85.599,4736.478,4650.9,0,0,2058260,f7194544-9d5d-4232-b67b-5cc9cde613b2,12237,20,41,14340,1897
7192f080-ea94-11f0-be0f-000463adda64,2026-01-06,1767662320,Bike ride,2026-01-06T12:18:40+11:00,2026-01-06T13:35:43+11:00,Australia/Melbourne,4487,30130,30.13,24.17,43.46,78.0,107.0,99.0,244.0,,,225,263,386.0,37,90.39,5001.58,4911.2,0,0,2086795,f7194544-9d5d-4232-b67b-5cc9cde613b2,695,0,0,0,29437
88997400-f9aa-11f0-be0f-000463adda64,2026-01-25,1769317149,Melbourne ride,2026-01-25T15:59:09+11:00,2026-01-25T16:46:27+11:00,Australia/Melbourne,2761,13936,13.94,18.18,33.76,74.0,101.0,109.0,352.0,,,90,64,261.0,74,41.808,2313.376,2271.6,0,0,2116925,f7194544-9d5d-4232-b67b-5cc9cde613b2,5909,8,0,7894,125
d619df00-f9b2-11f0-be0f-000463adda64,2026-01-25,1769320705,Bike ride,2026-01-25T16:58:25+11:00,2026-01-25T17:47:23+11:00,Australia/Melbourne,2674,14161,14.16,19.07,38.95,70.0,100.0,71.0,331.0,,,67,94,109.0,25,42.483,2350.726,2308.2,0,0,2130868,f7194544-9d5d-4232-b67b-5cc9cde613b2,7,553,2051,35,11517
107ef800-0931-11f1-be0f-000463adda64,2026-02-14,1771024240,Melbourne ride,2026-02-14T10:10:40+11:00,2026-02-14T11:07:31+11:00,Australia/Melbourne,3264,18951,18.95,20.91,39.09,79.0,119.0,145.0,347.0,,,153,96,376.0,63,56.853,3145.866,3089.0,0,0,2145029,f7194544-9d5d-4232-b67b-5cc9cde613b2,627,75,16,17701,532
301a1e80-0939-11f1-be0f-000463adda64,2026-02-14,1771028137,Bike ride,2026-02-14T11:15:37+11:00,2026-02-14T12:09:23+11:00,Australia/Melbourne,3079,19147,19.15,22.4,43.62,81.0,103.0,122.0,307.0,,,89,144,232.0,42,57.441,3178.402,3121.0,0,0,2163982,f7194544-9d5d-4232-b67b-5cc9cde613b2,0,0,0,60,19089
0207b300-1b62-11f1-be0f-000463adda64,2026-03-09,1773024362,Bike ride,2026-03-09T13:46:02+11:00,2026-03-09T14:28:27+11:00,Australia/Melbourne,2551,15777,15.78,22.27,37.96,73.0,95.0,111.0,264.0,,,81,90,267.0,62,47.331,2618.982,2571.7,0,0,2183133,f7194544-9d5d-4232-b67b-5cc9cde613b2,0,630,14463,684,0
37170400-1b68-11f1-be0f-000463adda64,2026-03-09,1773030841,Bike ride,2026-03-09T15:34:01+11:00,2026-03-09T16:18:45+11:00,Australia/Melbourne,2575,16789,16.79,23.47,42.55,68.0,86.0,66.0,167.0,,,106,95,117.0,22,50.367,2786.974,2736.6,0,0,2198912,f7194544-9d5d-4232-b67b-5cc9cde613b2,0,0,0,0,16791
992e3400-1b7d-11f1-be0f-000463adda64,2026-03-09,1773036168,Woodend roundtrip,2026-03-09T17:02:48+11:00,2026-03-09T18:41:58+11:00,Australia/Melbourne,136,350,0.35,9.29,20.65,46.0,68.0,80.0,130.0,,,0,1,4.0,21,1.05,58.1,57.1,0,0,2215716,f7194544-9d5d-4232-b67b-5cc9cde613b2,0,0,0,0,350
b3672100-1c14-11f1-be0f-000463adda64,2026-03-10,1773101071,Melbourne ride,2026-03-10T11:04:31+11:00,2026-03-10T11:23:56+11:00,Australia/Melbourne,842,5265,5.26,22.52,41.47,80.0,107.0,145.0,352.0,,,40,64,74.0,49,15.795,873.99,858.2,0,0,2216068,f7194544-9d5d-4232-b67b-5cc9cde613b2,0,0,0,0,5267
0421f380-2d55-11f1-adf8-000463bfc5e8,2026-04-01,1774998426,Bike ride,2026-04-01T10:07:06+11:00,2026-04-01T10:53:16+11:00,Australia/Melbourne,2487,15106,15.11,21.88,36.59,80.0,106.0,108.0,303.0,,,79,56,236.0,53,45.318,2507.596,2462.3,0,0,2221539,f7194544-9d5d-4232-b67b-5cc9cde613b2,557,3257,9,7462,3823
21ff8a80-2fd9-11f1-adf8-000463bfc5e8,2026-04-04,1775274535,Melbourne ride,2026-04-04T14:48:55+11:00,2026-04-04T16:07:14+11:00,Australia/Melbourne,4655,27972,27.97,21.64,44.3,79.0,105.0,124.0,376.0,,,212,218,490.0,62,83.916,4643.352,4559.4,0,0,2236647,f7194544-9d5d-4232-b67b-5cc9cde613b2,1460,280,35,25297,902
29786100-2fe4-11f1-adf8-000463bfc5e8,2026-04-04,1775280104,Bike ride,2026-04-04T16:21:44+11:00,2026-04-04T17:36:36+11:00,Australia/Melbourne,4425,28383,28.38,23.09,41.94,80.0,106.0,84.0,296.0,,,216,210,323.0,30,85.149,4711.578,4626.4,0,0,2264619,f7194544-9d5d-4232-b67b-5cc9cde613b2,0,43,0,0,28340
1c43b800-3218-11f1-adf8-000463bfc5e8,2026-04-07,1775521497,Melbourne ride,2026-04-07T10:24:57+10:00,2026-04-07T10:34:52+10:00,Australia/Melbourne,581,3168,3.17,19.64,41.3,76.0,98.0,118.0,233.0,,,42,34,53.0,43,9.504,525.888,516.4,0,0,2293004,f7194544-9d5d-4232-b67b-5cc9cde613b2,0,3157,2,0,11
832ba480-32de-11f1-adf8-000463bfc5e8,2026-04-08,1775606750,Melbourne ride,2026-04-08T10:05:50+10:00,2026-04-08T10:59:08+10:00,Australia/Melbourne,2960,19426,19.43,23.63,39.54,83.0,112.0,132.0,353.0,,,91,90,329.0,55,58.278,3224.716,3166.4,0,0,2296142,f7194544-9d5d-4232-b67b-5cc9cde613b2,641,3838,17,917,14015
364bcc00-32e6-11f1-adf8-000463bfc5e8,2026-04-08,1775610002,Bike ride,2026-04-08T11:00:02+10:00,2026-04-08T13:50:57+10:00,Australia/Melbourne,2596,17909,17.91,24.83,42.54,88.0,113.0,141.0,348.0,,,75,75,327.0,57,53.727,2972.894,2919.2,0,0,2315571,f7194544-9d5d-4232-b67b-5cc9cde613b2,0,32,0,0,17880
9d162d00-379f-11f1-adf8-000463bfc5e8,2026-04-14,1776129476,Melbourne ride,2026-04-14T11:17:56+10:00,2026-04-14T12:40:59+10:00,Australia/Melbourne,4958,30483,30.48,22.14,46.68,81.0,108.0,99.0,514.0,,,239,236,420.0,40,91.449,5060.178,4968.7,0,0,2333518,f7194544-9d5d-4232-b67b-5cc9cde613b2,875,199,36,10577,18798
60503300-37ab-11f1-adf8-000463bfc5e8,2026-04-14,1776134462,Melbourne ride,2026-04-14T12:41:02+10:00,2026-04-14T13:35:26+10:00,Australia/Melbourne,3149,19737,19.74,22.57,52.16,84.0,110.0,97.0,357.0,,,260,262,240.0,29,59.211,3276.342,3217.1,0,0,2364003,f7194544-9d5d-4232-b67b-5cc9cde613b2,0,0,0,0,19737
1e3d2f00-3ad4-11f1-adf8-000463bfc5e8,2026-04-18,1776481846,Melbourne ride,2026-04-18T13:10:46+10:00,2026-04-18T15:11:19+10:00,Australia/Melbourne,6986,39231,39.23,20.24,61.39,87.0,118.0,133.0,428.0,,,455,260,826.0,63,117.693,6512.346,6394.7,0,0,2383852,f7194544-9d5d-4232-b67b-5cc9cde613b2,15039,3615,25,16038,4516
13d76100-3ae5-11f1-adf8-000463bfc5e8,2026-04-18,1776489109,Bike ride,2026-04-18T15:11:49+10:00,2026-04-18T17:26:16+10:00,Australia/Melbourne,5967,38452,38.45,23.2,45.09,84.0,111.0,92.0,392.0,,,249,441,442.0,35,115.356,6383.032,6267.7,0,0,2423094,f7194544-9d5d-4232-b67b-5cc9cde613b2,0,0,0,0,38454
200da380-a101-11f1-adf8-000463bfc5e8,2026-08-26,1787716592,Melbourne ride,2026-08-26T13:56:32+10:00,2026-08-26T14:39:02+10:00,Australia/Melbourne,2523,15779,15.78,22.51,38.75,77.0,96.0,90.0,395.0,,,101,76,204.0,38,47.337,2619.314,2572.0,0,0,2461553,f7194544-9d5d-4232-b67b-5cc9cde613b2,693,1973,9,1204,11900
1d627c80-a108-11f1-adf8-000463bfc5e8,2026-08-26,1787719339,Bosch eBike Tour,2026-08-26T14:42:19+10:00,2026-08-26T15:20:23+10:00,Australia/Melbourne,2130,12913,12.91,21.82,43.34,78.0,106.0,82.0,206.0,,,108,132,142.0,28,38.739,2143.558,2104.8,0,0,2477332,f7194544-9d5d-4232-b67b-5cc9cde613b2,0,0,0,0,12913
49a24280-a4e6-11f1-adf8-000463bfc5e8,2026-08-31,1788144496,Melbourne ride,2026-08-31T12:48:16+10:00,2026-08-31T13:50:33+10:00,Australia/Melbourne,3692,16398,16.4,16.0,39.7,75.0,106.0,113.0,374.0,,,135,80,358.0,89,49.194,2722.068,2672.9,0,0,2490308,f7194544-9d5d-4232-b67b-5cc9cde613b2,13244,0,0,3156,0
216b1180-a4ef-11f1-adf8-000463bfc5e8,2026-08-31,1788148994,Melbourne ride,2026-08-31T14:03:14+10:00,2026-08-31T15:14:26+10:00,Australia/Melbourne,3881,22335,22.34,20.72,43.04,78.0,104.0,105.0,344.0,,,231,240,280.0,36,67.005,3707.61,3640.6,0,0,2506706,f7194544-9d5d-4232-b67b-5cc9cde613b2,783,9,31,6541,14971
dbb44600-a4fa-11f1-adf8-000463bfc5e8,2026-08-31,1788153466,Bike ride,2026-08-31T15:17:46+10:00,2026-08-31T16:17:16+10:00,Australia/Melbourne,3027,18072,18.07,21.49,48.16,78.0,106.0,107.0,341.0,,,194,239,203.0,31,54.216,2999.952,2945.7,0,0,2529041,f7194544-9d5d-4232-b67b-5cc9cde613b2,0,21,14,13,18024
be0b6000-ab3c-11f1-adf8-000463bfc5e8,2026-09-08,1788841311,East Warburton to Warburton ride,2026-09-08T14:21:51+10:00,2026-09-08T14:30:33+10:00,Australia/Melbourne,404,2392,2.39,21.31,36.8,81.0,100.0,162.0,320.0,,,20,18,54.0,69,7.176,397.072,389.9,0,0,2547115,f7194544-9d5d-4232-b67b-5cc9cde613b2,0,360,5,1973,56
11ca7900-ab3e-11f1-adf8-000463bfc5e8,2026-09-08,1788842028,Warburton to Yarra Junction ride,2026-09-08T14:33:48+10:00,2026-09-08T15:00:44+10:00,Australia/Melbourne,1605,9297,9.3,20.85,32.21,80.0,104.0,89.0,389.0,,,9,51,146.0,65,27.891,1543.302,1515.4,0,0,2549509,f7194544-9d5d-4232-b67b-5cc9cde613b2,17,508,0,8774,0
46d8ca80-ab42-11f1-adf8-000463bfc5e8,2026-09-08,1788843755,Yarra Junction to Woori Yallock ride,2026-09-08T15:02:35+10:00,2026-09-08T15:28:05+10:00,Australia/Melbourne,1500,8858,8.86,21.26,28.2,82.0,103.0,99.0,227.0,,,9,34,156.0,65,26.574,1470.428,1443.9,0,0,2558806,f7194544-9d5d-4232-b67b-5cc9cde613b2,0,0,0,8858,0
14c96780-ab46-11f1-adf8-000463bfc5e8,2026-09-08,1788846742,Woori Yallock to Warburton ride,2026-09-08T15:52:22+10:00,2026-09-08T16:38:29+10:00,Australia/Melbourne,2655,18130,18.13,24.58,30.12,78.0,96.0,78.0,222.0,,,89,9,221.0,36,54.39,3009.58,2955.2,0,0,2567664,f7194544-9d5d-4232-b67b-5cc9cde613b2,0,0,0,0,18130
eb153e00-ab4f-11f1-adf8-000463bfc5e8,2026-09-08,1788850581,Warburton to East Warburton ride,2026-09-08T16:56:21+10:00,2026-09-08T17:03:39+10:00,Australia/Melbourne,407,2493,2.49,22.05,36.21,78.0,95.0,97.0,210.0,,,11,7,31.0,35,7.479,413.838,406.4,0,0,2585796,f7194544-9d5d-4232-b67b-5cc9cde613b2,0,0,0,0,2495
83d80d80-afd7-11f1-adf8-000463bfc5e8,2026-09-14,1789347566,Melbourne ride,2026-09-14T10:59:26+10:00,2026-09-14T11:26:41+10:00,Australia/Melbourne,1614,10753,10.75,23.98,38.3,78.0,105.0,123.0,243.0,,,39,63,169.0,56,32.259,1784.998,1752.7,0,0,2588291,f7194544-9d5d-4232-b67b-5cc9cde613b2,0,2,0,1366,9387
5beaa900-afdb-11f1-adf8-000463bfc5e8,2026-09-14,1789349866,Bike ride,2026-09-14T11:37:46+10:00,2026-09-14T12:05:21+10:00,Australia/Melbourne,1618,10768,10.77,23.96,40.53,80.0,98.0,104.0,191.0,,,62,40,146.0,45,32.304,1787.488,1755.2,0,0,2599044,f7194544-9d5d-4232-b67b-5cc9cde613b2,0,0,0,0,10768
497fb080-b2f6-11f1-adf8-000463bfc5e8,2026-09-18,1789690661,Melbourne ride,2026-09-18T10:17:41+10:00,2026-09-18T11:59:26+10:00,Australia/Melbourne,5583,30753,30.75,19.83,40.01,82.0,115.0,114.0,371.0,,,103,145,545.0,93,92.259,5104.998,5012.7,0,0,2609814,f7194544-9d5d-4232-b67b-5cc9cde613b2,27427,5,7,3238,78
98344700-b304-11f1-adf8-000463bfc5e8,2026-09-18,1789697282,Melbourne ride,2026-09-18T12:08:02+10:00,2026-09-18T12:21:58+10:00,Australia/Melbourne,828,3593,3.59,15.62,22.76,74.0,89.0,94.0,218.0,,,11,5,72.0,96,10.779,596.438,585.7,0,0,2640569,f7194544-9d5d-4232-b67b-5cc9cde613b2,3374,0,0,221,0
c0717500-b307-11f1-adf8-000463bfc5e8,2026-09-18,1789701021,Bike ride,2026-09-18T13:10:21+10:00,2026-09-18T14:55:44+10:00,Australia/Melbourne,5669,35737,35.74,22.69,33.21,77.0,101.0,84.0,354.0,,,110,71,455.0,30,107.211,5932.342,5825.1,0,0,2644164,f7194544-9d5d-4232-b67b-5cc9cde613b2,47,0,0,0,35692
